{"app":["/app-e0d5d546f7b8e251bdd6.js"],"component---src-pages-17-mdx":["/component---src-pages-17-mdx-bec329e4e38356ffee98.js"],"component---src-pages-bacteria-mdx":["/component---src-pages-bacteria-mdx-66e34bb005b0395d09c9.js"],"component---src-pages-choose-one-mdx":["/component---src-pages-choose-one-mdx-7b23c46fb9fc5b28bac3.js"],"component---src-pages-code-mdx":["/component---src-pages-code-mdx-aa44d838eb9d1fbe9e41.js"],"component---src-pages-communities-mdx":["/component---src-pages-communities-mdx-7f8abf8825441142abc2.js"],"component---src-pages-fail-mdx":["/component---src-pages-fail-mdx-b633fe5ef0c0690c85ba.js"],"component---src-pages-index-mdx":["/component---src-pages-index-mdx-30a0ac46bca487606dca.js"],"component---src-pages-mahacks-mdx":["/component---src-pages-mahacks-mdx-ad5e8299eabf4a056e7b.js"],"component---src-pages-point-to-mdx":["/component---src-pages-point-to-mdx-988d4764f10513d49254.js"],"component---src-pages-roadmap-mdx":["/component---src-pages-roadmap-mdx-01accc4a2e3242dc37cc.js"],"component---src-pages-start-mdx":["/component---src-pages-start-mdx-8b42ee3c2a62dcf7019b.js"],"component---src-pages-thanks-mdx":["/component---src-pages-thanks-mdx-26e054cbc7f085d66bc2.js"],"component---src-pages-temp-mdx":["/component---src-pages-temp-mdx-282b7ad18b296d69fa42.js"]}