{"errors":[],"warnings":[],"namedChunkGroups":{"app":{"chunks":[15,0,1],"assets":["webpack-runtime-d8dd1d0e9157c80e6573.js","webpack-runtime-d8dd1d0e9157c80e6573.js.map","commons-8dc9ab4cc6110de52df3.js","commons-8dc9ab4cc6110de52df3.js.map","app-e0d5d546f7b8e251bdd6.js","app-e0d5d546f7b8e251bdd6.js.map"],"children":{},"childAssets":{}},"component---src-pages-17-mdx":{"chunks":[0,2],"assets":["commons-8dc9ab4cc6110de52df3.js","commons-8dc9ab4cc6110de52df3.js.map","component---src-pages-17-mdx-bec329e4e38356ffee98.js","component---src-pages-17-mdx-bec329e4e38356ffee98.js.map"],"children":{},"childAssets":{}},"component---src-pages-bacteria-mdx":{"chunks":[0,3],"assets":["commons-8dc9ab4cc6110de52df3.js","commons-8dc9ab4cc6110de52df3.js.map","component---src-pages-bacteria-mdx-66e34bb005b0395d09c9.js","component---src-pages-bacteria-mdx-66e34bb005b0395d09c9.js.map"],"children":{},"childAssets":{}},"component---src-pages-choose-one-mdx":{"chunks":[0,4],"assets":["commons-8dc9ab4cc6110de52df3.js","commons-8dc9ab4cc6110de52df3.js.map","component---src-pages-choose-one-mdx-7b23c46fb9fc5b28bac3.js","component---src-pages-choose-one-mdx-7b23c46fb9fc5b28bac3.js.map"],"children":{},"childAssets":{}},"component---src-pages-code-mdx":{"chunks":[0,5],"assets":["commons-8dc9ab4cc6110de52df3.js","commons-8dc9ab4cc6110de52df3.js.map","component---src-pages-code-mdx-aa44d838eb9d1fbe9e41.js","component---src-pages-code-mdx-aa44d838eb9d1fbe9e41.js.map"],"children":{},"childAssets":{}},"component---src-pages-communities-mdx":{"chunks":[0,6],"assets":["commons-8dc9ab4cc6110de52df3.js","commons-8dc9ab4cc6110de52df3.js.map","component---src-pages-communities-mdx-7f8abf8825441142abc2.js","component---src-pages-communities-mdx-7f8abf8825441142abc2.js.map"],"children":{},"childAssets":{}},"component---src-pages-fail-mdx":{"chunks":[0,7],"assets":["commons-8dc9ab4cc6110de52df3.js","commons-8dc9ab4cc6110de52df3.js.map","component---src-pages-fail-mdx-b633fe5ef0c0690c85ba.js","component---src-pages-fail-mdx-b633fe5ef0c0690c85ba.js.map"],"children":{},"childAssets":{}},"component---src-pages-index-mdx":{"chunks":[0,8],"assets":["commons-8dc9ab4cc6110de52df3.js","commons-8dc9ab4cc6110de52df3.js.map","component---src-pages-index-mdx-30a0ac46bca487606dca.js","component---src-pages-index-mdx-30a0ac46bca487606dca.js.map"],"children":{},"childAssets":{}},"component---src-pages-mahacks-mdx":{"chunks":[0,9],"assets":["commons-8dc9ab4cc6110de52df3.js","commons-8dc9ab4cc6110de52df3.js.map","component---src-pages-mahacks-mdx-ad5e8299eabf4a056e7b.js","component---src-pages-mahacks-mdx-ad5e8299eabf4a056e7b.js.map"],"children":{},"childAssets":{}},"component---src-pages-point-to-mdx":{"chunks":[0,10],"assets":["commons-8dc9ab4cc6110de52df3.js","commons-8dc9ab4cc6110de52df3.js.map","component---src-pages-point-to-mdx-988d4764f10513d49254.js","component---src-pages-point-to-mdx-988d4764f10513d49254.js.map"],"children":{},"childAssets":{}},"component---src-pages-roadmap-mdx":{"chunks":[0,11],"assets":["commons-8dc9ab4cc6110de52df3.js","commons-8dc9ab4cc6110de52df3.js.map","component---src-pages-roadmap-mdx-01accc4a2e3242dc37cc.js","component---src-pages-roadmap-mdx-01accc4a2e3242dc37cc.js.map"],"children":{},"childAssets":{}},"component---src-pages-start-mdx":{"chunks":[0,12],"assets":["commons-8dc9ab4cc6110de52df3.js","commons-8dc9ab4cc6110de52df3.js.map","component---src-pages-start-mdx-8b42ee3c2a62dcf7019b.js","component---src-pages-start-mdx-8b42ee3c2a62dcf7019b.js.map"],"children":{},"childAssets":{}},"component---src-pages-thanks-mdx":{"chunks":[0,14],"assets":["commons-8dc9ab4cc6110de52df3.js","commons-8dc9ab4cc6110de52df3.js.map","component---src-pages-thanks-mdx-26e054cbc7f085d66bc2.js","component---src-pages-thanks-mdx-26e054cbc7f085d66bc2.js.map"],"children":{},"childAssets":{}},"component---src-pages-temp-mdx":{"chunks":[0,13],"assets":["commons-8dc9ab4cc6110de52df3.js","commons-8dc9ab4cc6110de52df3.js.map","component---src-pages-temp-mdx-282b7ad18b296d69fa42.js","component---src-pages-temp-mdx-282b7ad18b296d69fa42.js.map"],"children":{},"childAssets":{}}},"assetsByChunkName":{"app":["webpack-runtime-d8dd1d0e9157c80e6573.js","commons-8dc9ab4cc6110de52df3.js","app-e0d5d546f7b8e251bdd6.js"],"component---src-pages-17-mdx":["commons-8dc9ab4cc6110de52df3.js","component---src-pages-17-mdx-bec329e4e38356ffee98.js"],"component---src-pages-bacteria-mdx":["commons-8dc9ab4cc6110de52df3.js","component---src-pages-bacteria-mdx-66e34bb005b0395d09c9.js"],"component---src-pages-choose-one-mdx":["commons-8dc9ab4cc6110de52df3.js","component---src-pages-choose-one-mdx-7b23c46fb9fc5b28bac3.js"],"component---src-pages-code-mdx":["commons-8dc9ab4cc6110de52df3.js","component---src-pages-code-mdx-aa44d838eb9d1fbe9e41.js"],"component---src-pages-communities-mdx":["commons-8dc9ab4cc6110de52df3.js","component---src-pages-communities-mdx-7f8abf8825441142abc2.js"],"component---src-pages-fail-mdx":["commons-8dc9ab4cc6110de52df3.js","component---src-pages-fail-mdx-b633fe5ef0c0690c85ba.js"],"component---src-pages-index-mdx":["commons-8dc9ab4cc6110de52df3.js","component---src-pages-index-mdx-30a0ac46bca487606dca.js"],"component---src-pages-mahacks-mdx":["commons-8dc9ab4cc6110de52df3.js","component---src-pages-mahacks-mdx-ad5e8299eabf4a056e7b.js"],"component---src-pages-point-to-mdx":["commons-8dc9ab4cc6110de52df3.js","component---src-pages-point-to-mdx-988d4764f10513d49254.js"],"component---src-pages-roadmap-mdx":["commons-8dc9ab4cc6110de52df3.js","component---src-pages-roadmap-mdx-01accc4a2e3242dc37cc.js"],"component---src-pages-start-mdx":["commons-8dc9ab4cc6110de52df3.js","component---src-pages-start-mdx-8b42ee3c2a62dcf7019b.js"],"component---src-pages-thanks-mdx":["commons-8dc9ab4cc6110de52df3.js","component---src-pages-thanks-mdx-26e054cbc7f085d66bc2.js"],"component---src-pages-temp-mdx":["commons-8dc9ab4cc6110de52df3.js","component---src-pages-temp-mdx-282b7ad18b296d69fa42.js"]}}